open_time,open,high,low,close,volume,close_time,quote_asset_volume,number_of_trades,taker_buy_base_volume,taker_buy_quote_volume,ignore,hour,average_sentiment,mentions,average_confidence
2026-08-06 19:00:00-04:00,64351.48,64360.01,64200.0,64323.61,395.39675,2026-08-06 19:59:59.999000-04:00,25404226.2099736,49047,134.70624,8654785.1564343,0,2026-08-06 19:00:00-04:00,0.0,0.0,0.0
2026-08-06 20:00:00-04:00,64323.61,64410.0,64230.59,64317.99,285.45231,2026-08-06 20:59:59.999000-04:00,18354249.5601662,73994,127.91138,8225097.5409189,0,2026-08-06 20:00:00-04:00,0.0,0.0,0.0
2026-08-06 21:00:00-04:00,64318.0,64476.78,64300.0,64422.55,351.02167,2026-08-06 21:59:59.999000-04:00,22603041.9384221,93301,202.67012,13051078.8273459,0,2026-08-06 21:00:00-04:00,0.0,0.0,0.0
2026-08-06 22:00:00-04:00,64422.54,64544.0,64252.09,64399.87,388.69448,2026-08-06 22:59:59.999000-04:00,25031545.123241,103153,173.63819,11181616.3162947,0,2026-08-06 22:00:00-04:00,0.0,0.0,0.0
2026-08-06 23:00:00-04:00,64399.88,64407.73,64260.0,64289.99,199.96303,2026-08-06 23:59:59.999000-04:00,12864334.043689,75419,83.97819,5402386.8757937,0,2026-08-06 23:00:00-04:00,0.0,0.0,0.0
2026-08-07 00:00:00-04:00,64289.99,64364.08,64166.0,64255.13,222.89749,2026-08-07 00:59:59.999000-04:00,14326178.4769977,69543,87.42568,5619069.5867149,0,2026-08-07 00:00:00-04:00,0.0,0.0,0.0
2026-08-07 01:00:00-04:00,64255.14,64400.0,64177.62,64336.43,321.20596,2026-08-07 01:59:59.999000-04:00,20650998.1641232,53841,150.05487,9649229.4171218,0,2026-08-07 01:00:00-04:00,0.0,1.0,0.9309553503990173
2026-08-07 02:00:00-04:00,64336.42,64463.75,64283.91,64304.12,452.26837,2026-08-07 02:59:59.999000-04:00,29104402.2358547,54841,221.28865,14240102.5871065,0,2026-08-07 02:00:00-04:00,0.0,0.0,0.0
2026-08-07 03:00:00-04:00,64304.12,64436.13,64264.0,64319.84,382.39149,2026-08-07 03:59:59.999000-04:00,24611960.7250608,43588,191.10967,12301016.9555047,0,2026-08-07 03:00:00-04:00,0.0,1.0,0.7462489604949951
2026-08-07 04:00:00-04:00,64319.84,64672.1,64304.22,64600.0,433.22408,2026-08-07 04:59:59.999000-04:00,27940463.8617459,73835,185.13474,11938854.6020406,0,2026-08-07 04:00:00-04:00,0.0,0.0,0.0
2026-08-07 05:00:00-04:00,64600.0,64965.0,64599.99,64839.32,917.15159,2026-08-07 05:59:59.999000-04:00,59475545.5886825,104331,435.79551,28261770.3361381,0,2026-08-07 05:00:00-04:00,-1.0,1.0,0.5598204135894775
2026-08-07 06:00:00-04:00,64839.32,64916.0,64802.0,64893.98,362.71626,2026-08-07 06:59:59.999000-04:00,23525923.7211676,52293,104.75143,6794001.8736741,0,2026-08-07 06:00:00-04:00,0.0,0.0,0.0
2026-08-07 07:00:00-04:00,64893.99,65213.33,64893.64,65029.98,652.67441,2026-08-07 07:59:59.999000-04:00,42453752.4566705,89434,359.85118,23405081.6175428,0,2026-08-07 07:00:00-04:00,0.0,0.0,0.0
2026-08-07 08:00:00-04:00,65029.98,65390.99,64986.26,65292.32,1412.7636,2026-08-07 08:59:59.999000-04:00,92112799.3673058,181821,836.23651,54532142.0295846,0,2026-08-07 08:00:00-04:00,0.0,1.0,0.7402505278587341
2026-08-07 09:00:00-04:00,65292.31,65338.0,64984.68,65009.24,1271.25225,2026-08-07 09:59:59.999000-04:00,82872881.7641406,245147,589.41594,38433174.1497737,0,2026-08-07 09:00:00-04:00,0.0,0.0,0.0
2026-08-07 10:00:00-04:00,65009.23,65275.03,64788.0,64957.98,982.58571,2026-08-07 10:59:59.999000-04:00,63902635.1714557,272120,532.85038,34655084.570823,0,2026-08-07 10:00:00-04:00,0.0,0.0,0.0
2026-08-07 11:00:00-04:00,64957.98,65136.17,64894.83,64912.72,468.0279,2026-08-07 11:59:59.999000-04:00,30421106.2958414,129409,160.33281,10421085.1703558,0,2026-08-07 11:00:00-04:00,-1.0,1.0,0.7162854075431824
2026-08-07 12:00:00-04:00,64912.71,65072.31,64814.0,64814.0,485.33624,2026-08-07 12:59:59.999000-04:00,31519449.4144582,123985,174.24916,11316539.751901,0,2026-08-07 12:00:00-04:00,0.0,0.0,0.0
2026-08-07 13:00:00-04:00,64814.01,64828.82,64525.0,64764.33,603.65716,2026-08-07 13:59:59.999000-04:00,39048760.3836404,135316,226.86676,14673904.0378943,0,2026-08-07 13:00:00-04:00,0.0,0.0,0.0
2026-08-07 14:00:00-04:00,64764.33,64881.13,64676.0,64735.51,225.44204,2026-08-07 14:59:59.999000-04:00,14606765.3255798,80410,107.7342,6980364.9099653,0,2026-08-07 14:00:00-04:00,0.0,0.0,0.0
2026-08-07 15:00:00-04:00,64735.52,65039.42,64735.52,64960.47,398.55222,2026-08-07 15:59:59.999000-04:00,25881188.1077252,100397,239.92554,15581359.1397701,0,2026-08-07 15:00:00-04:00,0.0,0.0,0.0
2026-08-07 16:00:00-04:00,64960.46,65053.56,64948.0,64972.0,238.49651,2026-08-07 16:59:59.999000-04:00,15498023.8804407,39503,140.00481,9098539.7820222,0,2026-08-07 16:00:00-04:00,0.0,0.0,0.0
2026-08-07 17:00:00-04:00,64972.0,65102.0,64928.0,64928.01,187.58406,2026-08-07 17:59:59.999000-04:00,12192924.0884831,44821,74.85659,4866058.1550041,0,2026-08-07 17:00:00-04:00,0.0,0.0,0.0
2026-08-07 18:00:00-04:00,64928.02,64947.7,64846.0,64888.0,304.11479,2026-08-07 18:59:59.999000-04:00,19738477.3278935,28154,104.65883,6791975.761907,0,2026-08-07 18:00:00-04:00,0.0,0.0,0.0
2026-08-07 19:00:00-04:00,64888.0,64923.2,64869.99,64923.19,259.93041,2026-08-07 19:59:59.999000-04:00,16866706.5127732,14727,128.52507,8340256.1251497,0,2026-08-07 19:00:00-04:00,0.0,0.0,0.0
2026-08-07 20:00:00-04:00,64923.2,64954.0,64784.19,64929.01,432.5947,2026-08-07 20:59:59.999000-04:00,28066360.0351177,25634,192.54433,12494021.2571022,0,2026-08-07 20:00:00-04:00,0.0,0.0,0.0
2026-08-07 21:00:00-04:00,64929.01,64965.0,64908.97,64911.79,283.12303,2026-08-07 21:59:59.999000-04:00,18383200.8513409,22019,182.66654,11860496.2369481,0,2026-08-07 21:00:00-04:00,0.0,0.0,0.0
2026-08-07 22:00:00-04:00,64911.8,64957.47,64894.49,64923.97,317.46111,2026-08-07 22:59:59.999000-04:00,20609506.1984764,21324,150.51206,9770326.5942846,0,2026-08-07 22:00:00-04:00,0.0,0.0,0.0
2026-08-07 23:00:00-04:00,64923.98,65074.18,64918.28,65033.0,277.39242,2026-08-07 23:59:59.999000-04:00,18027409.344293,27377,179.5882,11670790.4302132,0,2026-08-07 23:00:00-04:00,0.0,0.0,0.0
2026-08-08 00:00:00-04:00,65033.0,65071.15,64971.18,65013.58,199.83614,2026-08-08 00:59:59.999000-04:00,12992832.7303866,31511,124.97153,8124822.1332608,0,2026-08-08 00:00:00-04:00,0.0,0.0,0.0
2026-08-08 01:00:00-04:00,65013.58,65018.64,64976.0,64995.39,118.91329,2026-08-08 01:59:59.999000-04:00,7730148.4906938,13525,44.52809,2894580.3156669,0,2026-08-08 01:00:00-04:00,0.0,0.0,0.0
2026-08-08 02:00:00-04:00,64995.39,65014.0,64959.81,65006.61,298.35674,2026-08-08 02:59:59.999000-04:00,19388734.5397582,16625,122.6895,7972997.0688312,0,2026-08-08 02:00:00-04:00,0.0,0.0,0.0
2026-08-08 03:00:00-04:00,65006.61,65006.61,64951.34,64960.0,169.03379,2026-08-08 03:59:59.999000-04:00,10983930.0983692,13450,80.30533,5217745.6106974,0,2026-08-08 03:00:00-04:00,0.0,0.0,0.0
2026-08-08 04:00:00-04:00,64959.99,65020.5,64948.56,64993.87,150.80437,2026-08-08 04:59:59.999000-04:00,9800169.264761,13868,85.21014,5537404.9151884,0,2026-08-08 04:00:00-04:00,0.0,1.0,0.7186675071716309
2026-08-08 05:00:00-04:00,64993.88,65050.0,64992.98,64994.31,303.53576,2026-08-08 05:59:59.999000-04:00,19733513.5528984,26189,194.26161,12629382.8138383,0,2026-08-08 05:00:00-04:00,0.0,0.0,0.0
2026-08-08 06:00:00-04:00,64994.31,65022.43,64994.31,65005.87,144.30853,2026-08-08 06:59:59.999000-04:00,9381414.2780844,15959,54.63585,3551748.1350938,0,2026-08-08 06:00:00-04:00,0.0,0.0,0.0
2026-08-08 07:00:00-04:00,65005.88,65024.1,64957.0,64967.35,178.16146,2026-08-08 07:59:59.999000-04:00,11577601.187489,19311,69.60256,4523164.7507666,0,2026-08-08 07:00:00-04:00,0.0,0.0,0.0
2026-08-08 08:00:00-04:00,64967.36,65050.55,64924.0,65008.34,234.45077,2026-08-08 08:59:59.999000-04:00,15237620.3164989,31056,122.91118,7988666.7980101,0,2026-08-08 08:00:00-04:00,0.0,0.0,0.0
2026-08-08 09:00:00-04:00,65008.33,65018.0,65000.0,65015.27,187.85749,2026-08-08 09:59:59.999000-04:00,12212391.4777713,16805,98.14216,6380096.3454771,0,2026-08-08 09:00:00-04:00,0.0,2.0,0.9208489060401917
2026-08-08 10:00:00-04:00,65015.27,65192.54,65015.27,65129.02,356.35929,2026-08-08 10:59:59.999000-04:00,23208128.5509517,44901,234.61416,15278267.3352827,0,2026-08-08 10:00:00-04:00,0.0,0.0,0.0
2026-08-08 11:00:00-04:00,65129.01,65149.57,65061.31,65080.82,186.5848,2026-08-08 11:59:59.999000-04:00,12145707.9670244,19760,81.94077,5333776.8406087,0,2026-08-08 11:00:00-04:00,0.0,0.0,0.0
2026-08-08 12:00:00-04:00,65080.83,65116.82,65039.0,65086.45,128.83529,2026-08-08 12:59:59.999000-04:00,8383617.7004962,22770,61.95465,4031578.8973337,0,2026-08-08 12:00:00-04:00,0.0,0.0,0.0
2026-08-08 13:00:00-04:00,65086.46,65150.0,65075.46,65119.75,187.72596,2026-08-08 13:59:59.999000-04:00,12222353.3938824,23990,96.11591,6257929.9222961,0,2026-08-08 13:00:00-04:00,0.0,1.0,0.8404379487037659
2026-08-08 14:00:00-04:00,65119.75,65119.75,65025.54,65044.07,168.52013,2026-08-08 14:59:59.999000-04:00,10966428.8656571,20825,66.72306,4342109.5168636,0,2026-08-08 14:00:00-04:00,0.0,0.0,0.0
2026-08-08 15:00:00-04:00,65044.08,65093.7,65017.39,65075.41,205.39734,2026-08-08 15:59:59.999000-04:00,13358691.3433636,16325,81.94249,5329201.9735129,0,2026-08-08 15:00:00-04:00,0.0,0.0,0.0
2026-08-08 16:00:00-04:00,65075.4,65100.61,65060.0,65082.41,382.31735,2026-08-08 16:59:59.999000-04:00,24884569.9772669,18406,145.01293,9437705.1569058,0,2026-08-08 16:00:00-04:00,0.0,1.0,0.9215635657310486
2026-08-08 17:00:00-04:00,65082.42,65082.42,65000.53,65012.96,216.53129,2026-08-08 17:59:59.999000-04:00,14084709.3680771,25428,60.6131,3942470.2971092,0,2026-08-08 17:00:00-04:00,0.0,0.0,0.0
2026-08-08 18:00:00-04:00,65012.95,65038.0,64948.17,64950.61,427.30382,2026-08-08 18:59:59.999000-04:00,27772868.4374519,30793,179.35607,11657744.9403607,0,2026-08-08 18:00:00-04:00,0.0,0.0,0.0
2026-08-08 19:00:00-04:00,64950.62,64975.99,64936.01,64962.6,204.73811,2026-08-08 19:59:59.999000-04:00,13299450.8605098,22596,99.16389,6441383.1130388,0,2026-08-08 19:00:00-04:00,0.0,0.0,0.0
2026-08-08 20:00:00-04:00,64962.6,64991.93,64958.17,64973.65,214.05253,2026-08-08 20:59:59.999000-04:00,13907043.0690101,18975,102.26167,6643913.751262,0,2026-08-08 20:00:00-04:00,0.0,0.0,0.0
2026-08-08 21:00:00-04:00,64973.65,65002.0,64838.33,64861.46,330.74593,2026-08-08 21:59:59.999000-04:00,21465213.1673394,31321,114.06736,7402765.9759167,0,2026-08-08 21:00:00-04:00,0.0,0.0,0.0
2026-08-08 22:00:00-04:00,64861.46,64863.16,64777.92,64820.01,255.40052,2026-08-08 22:59:59.999000-04:00,16557890.2850498,32270,115.37589,7479898.9621668,0,2026-08-08 22:00:00-04:00,0.0,0.0,0.0
2026-08-08 23:00:00-04:00,64820.01,64820.01,64730.08,64788.8,153.75776,2026-08-08 23:59:59.999000-04:00,9960137.7760639,20800,75.15128,4867678.1310427,0,2026-08-08 23:00:00-04:00,0.0,0.0,0.0
2026-08-09 00:00:00-04:00,64788.8,64826.13,64785.0,64785.0,156.31772,2026-08-09 00:59:59.999000-04:00,10130796.7939439,13624,84.20076,5456784.0853172,0,2026-08-09 00:00:00-04:00,0.0,0.0,0.0
2026-08-09 01:00:00-04:00,64785.01,64801.58,64777.0,64801.58,194.39306,2026-08-09 01:59:59.999000-04:00,12594126.9190144,15456,101.16886,6554381.0566388,0,2026-08-09 01:00:00-04:00,0.0,0.0,0.0
2026-08-09 02:00:00-04:00,64801.57,64867.11,64801.57,64849.99,216.36529,2026-08-09 02:59:59.999000-04:00,14028190.8249073,20930,98.44055,6382436.1172835,0,2026-08-09 02:00:00-04:00,0.0,0.0,0.0
2026-08-09 03:00:00-04:00,64850.0,64860.01,64826.14,64826.14,338.38864,2026-08-09 03:59:59.999000-04:00,21942571.8901049,18781,154.2898,10004758.4350471,0,2026-08-09 03:00:00-04:00,0.0,0.0,0.0
2026-08-09 04:00:00-04:00,64826.15,64960.06,64792.1,64824.16,328.93534,2026-08-09 04:59:59.999000-04:00,21343277.3952557,43973,189.76912,12313792.1760267,0,2026-08-09 04:00:00-04:00,0.0,0.0,0.0
2026-08-09 05:00:00-04:00,64824.17,64877.86,64809.68,64877.85,149.22124,2026-08-09 05:59:59.999000-04:00,9673240.7256141,19330,94.33882,6115588.6978755,0,2026-08-09 05:00:00-04:00,0.0,0.0,0.0
2026-08-09 06:00:00-04:00,64877.86,64994.07,64877.85,64959.86,249.48898,2026-08-09 06:59:59.999000-04:00,16204333.539661,26742,135.2853,8785688.8687633,0,2026-08-09 06:00:00-04:00,0.0,0.0,0.0
2026-08-09 07:00:00-04:00,64959.87,65000.0,64950.0,64950.0,150.77221,2026-08-09 07:59:59.999000-04:00,9797293.400182,16353,67.39143,4378951.656704,0,2026-08-09 07:00:00-04:00,0.0,1.0,0.8925849795341492
2026-08-09 08:00:00-04:00,64950.01,64962.41,64914.73,64960.11,166.88575,2026-08-09 08:59:59.999000-04:00,10837664.191662,13782,85.89781,5578301.0807405,0,2026-08-09 08:00:00-04:00,0.0,1.0,0.8482519388198853
2026-08-09 09:00:00-04:00,64960.12,65266.0,64960.11,65219.78,406.90586,2026-08-09 09:59:59.999000-04:00,26510401.8541938,44799,242.51699,15798703.1249412,0,2026-08-09 09:00:00-04:00,0.0,0.0,0.0
2026-08-09 10:00:00-04:00,65219.78,65300.0,65150.95,65260.01,280.8075,2026-08-09 10:59:59.999000-04:00,18311637.3796123,46146,133.45475,8702341.7155843,0,2026-08-09 10:00:00-04:00,0.0,0.0,0.0
2026-08-09 11:00:00-04:00,65260.01,65264.0,65214.0,65228.68,364.1864,2026-08-09 11:59:59.999000-04:00,23760272.5565685,32621,193.45685,12621404.8143471,0,2026-08-09 11:00:00-04:00,0.0,0.0,0.0
2026-08-09 12:00:00-04:00,65228.68,65266.06,65182.36,65232.14,289.41282,2026-08-09 12:59:59.999000-04:00,18880664.3197101,32276,109.10809,7117779.4089121,0,2026-08-09 12:00:00-04:00,0.0,0.0,0.0
2026-08-09 13:00:00-04:00,65232.15,65239.18,65198.68,65198.68,130.05099,2026-08-09 13:59:59.999000-04:00,8482804.9675885,14397,63.49386,4141371.8416323,0,2026-08-09 13:00:00-04:00,0.0,0.0,0.0
2026-08-09 14:00:00-04:00,65198.68,65220.0,65192.0,65199.68,83.21999,2026-08-09 14:59:59.999000-04:00,5426467.4609942,12819,32.89421,2144889.6734378,0,2026-08-09 14:00:00-04:00,0.0,0.0,0.0
2026-08-09 15:00:00-04:00,65199.69,65210.0,65179.72,65180.66,257.6312,2026-08-09 15:59:59.999000-04:00,16796722.4756639,19927,75.75658,4938898.2479823,0,2026-08-09 15:00:00-04:00,0.0,0.0,0.0
2026-08-09 16:00:00-04:00,65180.66,65181.99,65046.25,65137.96,465.99754,2026-08-09 16:59:59.999000-04:00,30344991.233861,47904,111.04465,7231348.845666,0,2026-08-09 16:00:00-04:00,0.0,0.0,0.0
2026-08-09 17:00:00-04:00,65137.96,65250.0,65115.05,65192.99,485.32235,2026-08-09 17:59:59.999000-04:00,31625565.3125288,50161,177.12155,11542971.0821737,0,2026-08-09 17:00:00-04:00,0.0,0.0,0.0
2026-08-09 18:00:00-04:00,65192.99,65474.46,64971.41,65077.13,941.55321,2026-08-09 18:59:59.999000-04:00,61418930.1993708,114413,455.67198,29740222.338874,0,2026-08-09 18:00:00-04:00,0.0,0.0,0.0
2026-08-09 19:00:00-04:00,65077.13,65108.0,64842.59,64901.59,421.42323,2026-08-09 19:59:59.999000-04:00,27365969.6663231,96181,195.17106,12672032.8459286,0,2026-08-09 19:00:00-04:00,0.0,0.0,0.0
2026-08-09 20:00:00-04:00,64901.59,65322.58,64826.78,64968.01,556.44925,2026-08-09 20:59:59.999000-04:00,36189664.8418318,129770,279.83057,18201154.9737848,0,2026-08-09 20:00:00-04:00,0.0,0.0,0.0
2026-08-09 21:00:00-04:00,64968.21,65391.14,64900.0,65189.99,410.26148,2026-08-09 21:59:59.999000-04:00,26713004.9699127,81073,222.23672,14471582.6842253,0,2026-08-09 21:00:00-04:00,0.0,0.0,0.0
2026-08-09 22:00:00-04:00,65190.0,65220.0,64903.54,65099.99,432.7132,2026-08-09 22:59:59.999000-04:00,28159540.6213088,68539,235.47054,15321622.363196,0,2026-08-09 22:00:00-04:00,0.0,0.0,0.0
2026-08-09 23:00:00-04:00,65099.99,65172.0,64904.99,64982.01,335.63049,2026-08-09 23:59:59.999000-04:00,21829164.9415962,60159,168.92723,10986377.2025622,0,2026-08-09 23:00:00-04:00,0.0,0.0,0.0
2026-08-10 00:00:00-04:00,64982.0,65100.0,64924.0,65006.73,333.49313,2026-08-10 00:59:59.999000-04:00,21681967.1034479,48732,118.83558,7726129.6108028,0,2026-08-10 00:00:00-04:00,0.0,1.0,0.7088802456855774
2026-08-10 01:00:00-04:00,65006.74,65159.25,64979.88,65134.0,299.63603,2026-08-10 01:59:59.999000-04:00,19491225.0614714,48950,170.55443,11094413.0068889,0,2026-08-10 01:00:00-04:00,0.0,0.0,0.0
2026-08-10 02:00:00-04:00,65134.0,65339.7,65130.01,65299.4,433.93661,2026-08-10 02:59:59.999000-04:00,28305207.9528336,65239,239.6334,15631081.9553971,0,2026-08-10 02:00:00-04:00,0.0,0.0,0.0
2026-08-10 03:00:00-04:00,65299.4,65379.13,65196.53,65202.73,554.01187,2026-08-10 03:59:59.999000-04:00,36175979.9422619,48555,206.78916,13504151.6853852,0,2026-08-10 03:00:00-04:00,0.0,1.0,0.896888792514801
2026-08-10 04:00:00-04:00,65202.72,65328.73,65192.0,65245.58,316.81156,2026-08-10 04:59:59.999000-04:00,20673178.3043511,34815,173.02133,11289883.7675386,0,2026-08-10 04:00:00-04:00,0.0,0.0,0.0
2026-08-10 05:00:00-04:00,65245.59,65245.59,64958.87,64967.24,389.34609,2026-08-10 05:59:59.999000-04:00,25336383.505336,70485,172.25001,11206242.7253395,0,2026-08-10 05:00:00-04:00,0.0,0.0,0.0
2026-08-10 06:00:00-04:00,64967.25,65074.61,64967.24,65013.06,428.4961,2026-08-10 06:59:59.999000-04:00,27863777.4077633,63916,224.30463,14585471.0027928,0,2026-08-10 06:00:00-04:00,0.0,0.0,0.0
2026-08-10 07:00:00-04:00,65013.07,65130.16,64977.93,65125.98,160.3373,2026-08-10 07:59:59.999000-04:00,10430531.8271237,50748,80.53757,5239082.2031372,0,2026-08-10 07:00:00-04:00,0.0,0.0,0.0
2026-08-10 08:00:00-04:00,65125.99,65237.8,64850.0,64870.75,596.12387,2026-08-10 08:59:59.999000-04:00,38759023.4281195,112248,302.29784,19657901.0597523,0,2026-08-10 08:00:00-04:00,0.0,0.0,0.0
2026-08-10 09:00:00-04:00,64870.74,64973.72,64518.01,64561.98,1297.24239,2026-08-10 09:59:59.999000-04:00,83998506.2644403,183557,667.42962,43214548.6710014,0,2026-08-10 09:00:00-04:00,0.0,1.0,0.9058584570884705
2026-08-10 10:00:00-04:00,64561.98,64888.32,64544.01,64625.77,650.29814,2026-08-10 10:59:59.999000-04:00,42085948.4005957,135771,399.38475,25845200.3697737,0,2026-08-10 10:00:00-04:00,0.0,0.0,0.0
2026-08-10 11:00:00-04:00,64625.77,64711.43,64203.15,64299.99,1096.33991,2026-08-10 11:59:59.999000-04:00,70605154.163123,165488,505.99853,32581408.1423951,0,2026-08-10 11:00:00-04:00,0.0,0.0,0.0
2026-08-10 12:00:00-04:00,64299.99,64354.0,63830.57,63904.65,1498.06925,2026-08-10 12:59:59.999000-04:00,95990024.2983433,198980,619.85613,39718284.0755888,0,2026-08-10 12:00:00-04:00,0.0,1.0,0.9374518394470215
2026-08-10 13:00:00-04:00,63904.65,64027.12,63832.0,63953.04,1290.55418,2026-08-10 13:59:59.999000-04:00,82512322.1298265,126308,715.24482,45733155.8587442,0,2026-08-10 13:00:00-04:00,0.0,0.0,0.0
2026-08-10 14:00:00-04:00,63953.04,64020.64,63806.27,63889.39,944.06538,2026-08-10 14:59:59.999000-04:00,60337032.5967517,104506,522.03813,33365337.6079945,0,2026-08-10 14:00:00-04:00,0.0,0.0,0.0
2026-08-10 15:00:00-04:00,63889.39,64101.34,63888.01,64045.7,543.26284,2026-08-10 15:59:59.999000-04:00,34760142.609968,73324,361.31968,23118248.9617084,0,2026-08-10 15:00:00-04:00,0.0,0.0,0.0
2026-08-10 16:00:00-04:00,64045.7,64215.21,64023.06,64158.5,286.34235,2026-08-10 16:59:59.999000-04:00,18357151.8575551,59715,177.64217,11387706.4731691,0,2026-08-10 16:00:00-04:00,0.0,2.0,0.7779167890548706
2026-08-10 17:00:00-04:00,64158.49,64158.5,63987.0,63987.0,239.68387,2026-08-10 17:59:59.999000-04:00,15356579.6874604,46322,112.21756,7189394.6212129,0,2026-08-10 17:00:00-04:00,0.0,0.0,0.0
2026-08-10 18:00:00-04:00,63987.0,64055.95,63944.0,64016.0,216.96727,2026-08-10 18:59:59.999000-04:00,13885009.3883232,39224,102.16728,6537919.7699442,0,2026-08-10 18:00:00-04:00,0.0,2.0,0.770636260509491
2026-08-10 19:00:00-04:00,64015.99,64020.0,63920.69,63970.01,328.33621,2026-08-10 19:59:59.999000-04:00,21006038.3493674,37923,168.63999,10789045.9303647,0,2026-08-10 19:00:00-04:00,0.0,0.0,0.0
2026-08-10 20:00:00-04:00,63970.01,64058.0,63895.64,64040.0,690.26826,2026-08-10 20:59:59.999000-04:00,44159327.8468992,66218,359.47253,22996519.2199418,0,2026-08-10 20:00:00-04:00,0.0,0.0,0.0
2026-08-10 21:00:00-04:00,64040.01,64080.1,63958.2,64060.8,355.07512,2026-08-10 21:59:59.999000-04:00,22740099.0832521,49705,193.08035,12365614.3465579,0,2026-08-10 21:00:00-04:00,0.0,0.0,0.0
2026-08-10 22:00:00-04:00,64060.8,64086.0,64030.0,64042.39,207.59618,2026-08-10 22:59:59.999000-04:00,13297925.1447409,18505,54.47374,3489394.2193274,0,2026-08-10 22:00:00-04:00,0.0,0.0,0.0
